chain,resnum,nodiso1,nodiso2,nodiso3
A,1,FALSE,FALSE,FALSE
A,2,FALSE,FALSE,FALSE
A,3,FALSE,FALSE,FALSE
A,4,FALSE,FALSE,FALSE
A,5,FALSE,FALSE,FALSE
A,6,FALSE,FALSE,FALSE
A,7,TRUE,FALSE,FALSE
A,8,TRUE,FALSE,FALSE
A,9,TRUE,FALSE,FALSE
A,10,TRUE,FALSE,FALSE
A,11,TRUE,FALSE,FALSE
A,12,TRUE,FALSE,FALSE
A,13,TRUE,FALSE,FALSE
A,14,TRUE,FALSE,FALSE
A,15,TRUE,FALSE,FALSE
A,16,TRUE,FALSE,FALSE
A,17,TRUE,TRUE,FALSE
A,18,TRUE,TRUE,FALSE
A,19,TRUE,TRUE,FALSE
A,20,TRUE,TRUE,FALSE
A,21,TRUE,TRUE,FALSE
A,22,TRUE,TRUE,FALSE
A,23,TRUE,TRUE,FALSE
A,24,TRUE,TRUE,FALSE
A,25,TRUE,TRUE,FALSE
A,26,TRUE,TRUE,FALSE
A,27,TRUE,TRUE,FALSE
A,28,TRUE,TRUE,FALSE
A,29,TRUE,TRUE,FALSE
A,30,TRUE,TRUE,FALSE
A,31,TRUE,TRUE,FALSE
A,32,TRUE,TRUE,FALSE
A,33,TRUE,TRUE,FALSE
A,34,TRUE,TRUE,FALSE
A,35,TRUE,TRUE,FALSE
A,36,TRUE,TRUE,FALSE
A,37,TRUE,TRUE,FALSE
A,38,TRUE,TRUE,FALSE
A,39,TRUE,TRUE,FALSE
A,40,TRUE,TRUE,FALSE
A,41,TRUE,TRUE,FALSE
A,42,TRUE,TRUE,FALSE
A,43,TRUE,TRUE,FALSE
A,44,TRUE,TRUE,FALSE
A,45,TRUE,TRUE,FALSE
A,46,TRUE,TRUE,FALSE
A,47,TRUE,FALSE,FALSE
A,48,TRUE,FALSE,FALSE
A,49,TRUE,FALSE,FALSE
A,50,TRUE,FALSE,FALSE
A,51,FALSE,FALSE,FALSE
A,52,FALSE,FALSE,FALSE
A,53,FALSE,FALSE,FALSE
A,54,FALSE,FALSE,FALSE
A,55,FALSE,FALSE,FALSE
A,56,FALSE,FALSE,FALSE
A,57,FALSE,FALSE,FALSE
A,58,FALSE,FALSE,FALSE
A,59,FALSE,FALSE,FALSE
A,60,FALSE,FALSE,FALSE
A,61,FALSE,FALSE,FALSE
A,62,FALSE,FALSE,FALSE
A,63,FALSE,FALSE,FALSE
A,64,FALSE,FALSE,FALSE
A,65,FALSE,FALSE,FALSE
A,66,FALSE,FALSE,FALSE
A,67,FALSE,FALSE,FALSE
A,68,FALSE,FALSE,FALSE
A,69,FALSE,FALSE,FALSE
A,70,FALSE,FALSE,FALSE
A,71,FALSE,FALSE,FALSE
A,72,FALSE,FALSE,FALSE
A,73,FALSE,FALSE,FALSE
A,74,FALSE,FALSE,FALSE
A,75,FALSE,FALSE,FALSE
A,76,FALSE,FALSE,FALSE
A,77,FALSE,FALSE,FALSE
A,78,FALSE,FALSE,FALSE
A,79,FALSE,FALSE,FALSE
A,80,FALSE,FALSE,FALSE
A,81,FALSE,FALSE,FALSE
A,82,FALSE,FALSE,FALSE
A,83,FALSE,FALSE,FALSE
A,84,FALSE,FALSE,FALSE
A,85,FALSE,FALSE,FALSE
A,86,FALSE,FALSE,FALSE
A,87,FALSE,FALSE,FALSE
A,88,FALSE,FALSE,FALSE
A,89,FALSE,FALSE,FALSE
A,90,FALSE,FALSE,FALSE
A,91,FALSE,FALSE,FALSE
A,92,FALSE,FALSE,FALSE
A,93,FALSE,FALSE,FALSE
A,94,FALSE,FALSE,FALSE
A,95,FALSE,FALSE,FALSE
A,96,FALSE,FALSE,FALSE
A,97,FALSE,FALSE,FALSE
A,98,FALSE,FALSE,FALSE
A,99,FALSE,FALSE,FALSE
A,100,FALSE,FALSE,FALSE
A,101,FALSE,FALSE,FALSE
A,102,FALSE,FALSE,FALSE
A,103,FALSE,FALSE,FALSE
A,104,FALSE,FALSE,FALSE
A,105,FALSE,FALSE,FALSE
A,106,FALSE,FALSE,FALSE
A,107,FALSE,FALSE,FALSE
A,108,FALSE,FALSE,FALSE
A,109,FALSE,FALSE,FALSE
A,110,FALSE,FALSE,FALSE
A,111,FALSE,FALSE,FALSE
A,112,FALSE,FALSE,FALSE
A,113,FALSE,FALSE,FALSE
A,114,FALSE,FALSE,FALSE
A,115,FALSE,FALSE,FALSE
A,116,FALSE,FALSE,FALSE
A,117,FALSE,FALSE,FALSE
A,118,FALSE,FALSE,FALSE
A,119,FALSE,FALSE,FALSE
A,120,FALSE,FALSE,FALSE
A,121,FALSE,FALSE,FALSE
A,122,FALSE,FALSE,FALSE
A,123,FALSE,FALSE,FALSE
A,124,FALSE,FALSE,FALSE
A,125,FALSE,FALSE,FALSE
A,126,FALSE,FALSE,FALSE
A,127,FALSE,FALSE,FALSE
A,128,FALSE,FALSE,FALSE
A,129,FALSE,FALSE,FALSE
A,130,FALSE,FALSE,FALSE
A,131,FALSE,FALSE,FALSE
A,132,FALSE,FALSE,FALSE
A,133,FALSE,FALSE,FALSE
A,134,FALSE,FALSE,FALSE
A,135,FALSE,FALSE,FALSE
A,136,FALSE,FALSE,FALSE
A,137,FALSE,FALSE,FALSE
A,138,FALSE,FALSE,FALSE
A,139,FALSE,FALSE,FALSE
A,140,FALSE,FALSE,FALSE
A,141,FALSE,FALSE,FALSE
A,142,FALSE,FALSE,FALSE
A,143,FALSE,FALSE,FALSE
A,144,FALSE,FALSE,FALSE
A,145,FALSE,FALSE,FALSE
A,146,FALSE,FALSE,FALSE
A,147,FALSE,FALSE,FALSE
A,148,FALSE,FALSE,FALSE
A,149,FALSE,FALSE,FALSE
A,150,FALSE,FALSE,FALSE
A,151,FALSE,FALSE,FALSE
A,152,FALSE,FALSE,FALSE
A,153,FALSE,FALSE,FALSE
A,154,FALSE,FALSE,FALSE
A,155,FALSE,FALSE,FALSE
A,156,FALSE,FALSE,FALSE
A,157,FALSE,FALSE,FALSE
A,158,FALSE,FALSE,FALSE
A,159,FALSE,FALSE,FALSE
A,160,FALSE,FALSE,FALSE
A,161,FALSE,FALSE,FALSE
A,162,FALSE,FALSE,FALSE
A,163,FALSE,FALSE,FALSE
A,164,FALSE,FALSE,FALSE
A,165,FALSE,FALSE,FALSE
A,166,FALSE,FALSE,FALSE
A,167,FALSE,FALSE,FALSE
A,168,FALSE,FALSE,FALSE
A,169,FALSE,FALSE,FALSE
A,170,FALSE,FALSE,FALSE
A,171,FALSE,FALSE,FALSE
A,172,FALSE,FALSE,FALSE
A,173,FALSE,FALSE,FALSE
A,174,FALSE,FALSE,FALSE
A,175,FALSE,FALSE,FALSE
A,176,FALSE,FALSE,FALSE
A,177,FALSE,FALSE,FALSE
A,178,TRUE,FALSE,FALSE
A,179,TRUE,FALSE,FALSE
A,180,TRUE,FALSE,FALSE
A,181,TRUE,FALSE,FALSE
A,182,TRUE,TRUE,FALSE
A,183,TRUE,TRUE,FALSE
A,184,TRUE,TRUE,FALSE
A,185,TRUE,TRUE,FALSE
A,186,TRUE,TRUE,FALSE
A,187,TRUE,TRUE,FALSE
A,188,TRUE,TRUE,FALSE
A,189,TRUE,TRUE,FALSE
A,190,TRUE,FALSE,FALSE
A,191,TRUE,FALSE,FALSE
A,192,TRUE,FALSE,FALSE
A,193,TRUE,FALSE,FALSE
A,194,TRUE,FALSE,FALSE
A,195,TRUE,TRUE,FALSE
A,196,TRUE,TRUE,FALSE
A,197,TRUE,TRUE,FALSE
A,198,TRUE,TRUE,FALSE
A,199,TRUE,TRUE,FALSE
A,200,TRUE,TRUE,FALSE
A,201,TRUE,TRUE,FALSE
A,202,TRUE,TRUE,FALSE
A,203,TRUE,FALSE,FALSE
A,204,TRUE,FALSE,FALSE
A,205,TRUE,TRUE,FALSE
A,206,TRUE,FALSE,FALSE
A,207,TRUE,FALSE,FALSE
A,208,TRUE,FALSE,FALSE
A,209,TRUE,FALSE,FALSE
A,210,TRUE,FALSE,FALSE
A,211,TRUE,FALSE,FALSE
A,212,TRUE,FALSE,FALSE
A,213,FALSE,FALSE,FALSE
A,214,FALSE,FALSE,FALSE
A,215,FALSE,FALSE,FALSE
A,216,FALSE,FALSE,FALSE
A,217,FALSE,FALSE,FALSE
A,218,FALSE,FALSE,FALSE
A,219,FALSE,FALSE,FALSE
A,220,FALSE,FALSE,FALSE
A,221,FALSE,FALSE,FALSE
A,222,FALSE,FALSE,FALSE
A,223,TRUE,FALSE,FALSE
A,224,TRUE,FALSE,FALSE
A,225,TRUE,FALSE,FALSE
A,226,TRUE,TRUE,TRUE
A,227,TRUE,TRUE,TRUE
A,228,TRUE,FALSE,FALSE
A,229,TRUE,TRUE,FALSE
A,230,TRUE,TRUE,TRUE
A,231,TRUE,TRUE,TRUE
A,232,TRUE,TRUE,TRUE
A,233,TRUE,TRUE,TRUE
A,234,TRUE,TRUE,TRUE
A,235,TRUE,TRUE,TRUE
A,236,TRUE,TRUE,TRUE
A,237,TRUE,TRUE,TRUE
A,238,TRUE,TRUE,TRUE
A,239,TRUE,TRUE,TRUE
A,240,TRUE,TRUE,TRUE
A,241,TRUE,TRUE,TRUE
A,242,TRUE,TRUE,TRUE
A,243,TRUE,TRUE,TRUE
A,244,TRUE,TRUE,TRUE
A,245,TRUE,TRUE,TRUE
A,246,TRUE,TRUE,TRUE
A,247,TRUE,TRUE,TRUE
A,248,TRUE,TRUE,TRUE
A,249,TRUE,TRUE,TRUE
A,250,TRUE,TRUE,TRUE
A,251,TRUE,TRUE,TRUE
A,252,TRUE,TRUE,TRUE
A,253,TRUE,TRUE,FALSE
A,254,TRUE,TRUE,TRUE
A,255,TRUE,TRUE,TRUE
A,256,TRUE,TRUE,TRUE
A,257,TRUE,TRUE,FALSE
A,258,TRUE,TRUE,TRUE
A,259,TRUE,TRUE,TRUE
A,260,TRUE,TRUE,TRUE
A,261,TRUE,TRUE,TRUE
A,262,TRUE,TRUE,TRUE
A,263,TRUE,TRUE,TRUE
A,264,TRUE,TRUE,TRUE
A,265,TRUE,TRUE,TRUE
A,266,TRUE,TRUE,TRUE
A,267,TRUE,TRUE,TRUE
A,268,TRUE,TRUE,TRUE
A,269,TRUE,TRUE,TRUE
A,270,TRUE,TRUE,TRUE
A,271,TRUE,TRUE,TRUE
A,272,TRUE,TRUE,TRUE
A,273,TRUE,TRUE,TRUE
A,274,TRUE,TRUE,TRUE
A,275,TRUE,TRUE,TRUE
A,276,TRUE,TRUE,TRUE
A,277,TRUE,TRUE,TRUE
A,278,TRUE,TRUE,TRUE
A,279,TRUE,TRUE,TRUE
A,280,TRUE,TRUE,TRUE
A,281,TRUE,TRUE,TRUE
A,282,TRUE,TRUE,TRUE
A,283,TRUE,TRUE,TRUE
A,284,TRUE,TRUE,TRUE
A,285,TRUE,TRUE,TRUE
A,286,TRUE,TRUE,TRUE
A,287,TRUE,TRUE,TRUE
A,288,TRUE,TRUE,TRUE
A,289,TRUE,TRUE,TRUE
A,290,TRUE,TRUE,TRUE
A,291,TRUE,TRUE,TRUE
A,292,TRUE,TRUE,TRUE
A,293,TRUE,TRUE,TRUE
A,294,TRUE,TRUE,TRUE
A,295,TRUE,TRUE,TRUE
A,296,TRUE,TRUE,TRUE
A,297,TRUE,TRUE,TRUE
A,298,TRUE,TRUE,TRUE
A,299,TRUE,TRUE,TRUE
A,300,TRUE,TRUE,TRUE
A,301,TRUE,TRUE,TRUE
A,302,TRUE,TRUE,TRUE
A,303,TRUE,TRUE,TRUE
A,304,TRUE,TRUE,TRUE
A,305,TRUE,TRUE,TRUE
A,306,TRUE,TRUE,TRUE
A,307,TRUE,TRUE,TRUE
A,308,TRUE,TRUE,TRUE
A,309,TRUE,TRUE,TRUE
A,310,TRUE,TRUE,TRUE
A,311,TRUE,TRUE,TRUE
A,312,TRUE,TRUE,TRUE
A,313,TRUE,TRUE,TRUE
A,314,TRUE,TRUE,TRUE
A,315,TRUE,TRUE,TRUE
A,316,TRUE,TRUE,TRUE
A,317,TRUE,TRUE,TRUE
A,318,TRUE,TRUE,TRUE
A,319,TRUE,TRUE,TRUE
A,320,TRUE,TRUE,TRUE
A,321,TRUE,TRUE,TRUE
A,322,TRUE,TRUE,TRUE
A,323,TRUE,TRUE,TRUE
A,324,TRUE,TRUE,TRUE
A,325,TRUE,TRUE,TRUE
A,326,TRUE,TRUE,TRUE
A,327,TRUE,TRUE,TRUE
A,328,TRUE,TRUE,TRUE
A,329,TRUE,TRUE,TRUE
A,330,TRUE,TRUE,TRUE
A,331,TRUE,TRUE,TRUE
A,332,TRUE,TRUE,TRUE
A,333,TRUE,TRUE,TRUE
A,334,TRUE,TRUE,TRUE
A,335,TRUE,TRUE,TRUE
A,336,TRUE,TRUE,TRUE
A,337,TRUE,TRUE,TRUE
A,338,TRUE,TRUE,TRUE
A,339,TRUE,TRUE,TRUE
A,340,TRUE,TRUE,TRUE
A,341,TRUE,TRUE,TRUE
A,342,TRUE,TRUE,TRUE
A,343,TRUE,TRUE,TRUE
A,344,TRUE,TRUE,TRUE
A,345,TRUE,TRUE,TRUE
A,346,TRUE,TRUE,TRUE
A,347,TRUE,TRUE,TRUE
A,348,TRUE,TRUE,TRUE
A,349,TRUE,TRUE,TRUE
A,350,TRUE,TRUE,TRUE
A,351,TRUE,TRUE,TRUE
A,352,TRUE,TRUE,TRUE
A,353,TRUE,TRUE,TRUE
A,354,TRUE,TRUE,TRUE
A,355,TRUE,TRUE,TRUE
A,356,TRUE,TRUE,TRUE
A,357,TRUE,TRUE,TRUE
A,358,TRUE,TRUE,TRUE
A,359,TRUE,TRUE,TRUE
A,360,TRUE,TRUE,TRUE
A,361,TRUE,TRUE,TRUE
A,362,TRUE,TRUE,TRUE
A,363,TRUE,TRUE,TRUE
A,364,TRUE,TRUE,TRUE
A,365,TRUE,TRUE,TRUE
A,366,TRUE,TRUE,TRUE
A,367,TRUE,TRUE,TRUE
A,368,TRUE,TRUE,TRUE
A,369,TRUE,TRUE,TRUE
A,370,TRUE,TRUE,TRUE
A,371,TRUE,TRUE,TRUE
A,372,TRUE,TRUE,TRUE
A,373,TRUE,TRUE,TRUE
A,374,TRUE,TRUE,FALSE
A,375,TRUE,TRUE,TRUE
A,376,TRUE,FALSE,FALSE
A,377,TRUE,TRUE,FALSE
A,378,TRUE,TRUE,TRUE
A,379,TRUE,FALSE,FALSE
A,380,TRUE,FALSE,FALSE
A,381,TRUE,FALSE,FALSE
A,382,TRUE,TRUE,TRUE
A,383,TRUE,TRUE,TRUE
A,384,TRUE,TRUE,TRUE
A,385,TRUE,TRUE,TRUE
A,386,TRUE,TRUE,TRUE
A,387,TRUE,TRUE,TRUE
A,388,TRUE,TRUE,TRUE
A,389,TRUE,TRUE,TRUE
A,390,TRUE,TRUE,TRUE
A,391,TRUE,TRUE,TRUE
A,392,TRUE,TRUE,TRUE
A,393,TRUE,FALSE,FALSE
A,394,TRUE,FALSE,FALSE
A,395,TRUE,FALSE,FALSE
A,396,TRUE,FALSE,FALSE
A,397,TRUE,FALSE,FALSE
A,398,TRUE,FALSE,FALSE
A,399,TRUE,FALSE,FALSE
A,400,TRUE,FALSE,FALSE
A,401,TRUE,FALSE,FALSE
A,402,TRUE,FALSE,FALSE
A,403,TRUE,FALSE,FALSE
A,404,FALSE,FALSE,FALSE
A,405,TRUE,FALSE,FALSE
A,406,TRUE,FALSE,FALSE
A,407,TRUE,FALSE,FALSE
A,408,TRUE,FALSE,FALSE
A,409,TRUE,FALSE,FALSE
A,410,TRUE,FALSE,FALSE
A,411,TRUE,FALSE,FALSE
A,412,TRUE,FALSE,FALSE
A,413,TRUE,FALSE,FALSE
A,414,TRUE,FALSE,FALSE
A,415,TRUE,FALSE,FALSE
A,416,TRUE,FALSE,FALSE
A,417,TRUE,FALSE,FALSE
A,418,TRUE,FALSE,FALSE
A,419,TRUE,FALSE,FALSE
A,420,TRUE,FALSE,FALSE
A,421,TRUE,FALSE,FALSE
A,422,TRUE,FALSE,FALSE
A,423,TRUE,FALSE,FALSE
A,424,TRUE,FALSE,FALSE
A,425,TRUE,FALSE,FALSE
A,426,TRUE,FALSE,FALSE
A,427,TRUE,FALSE,FALSE
A,428,TRUE,FALSE,FALSE
A,429,TRUE,FALSE,FALSE
A,430,TRUE,FALSE,FALSE
A,431,TRUE,FALSE,FALSE
A,432,TRUE,FALSE,FALSE
A,433,TRUE,TRUE,FALSE
A,434,TRUE,TRUE,FALSE
A,435,TRUE,TRUE,FALSE
A,436,TRUE,TRUE,FALSE
A,437,TRUE,TRUE,FALSE
A,438,TRUE,TRUE,FALSE
A,439,TRUE,TRUE,FALSE
A,440,TRUE,TRUE,FALSE
A,441,TRUE,TRUE,FALSE
A,442,TRUE,TRUE,FALSE
A,443,TRUE,TRUE,FALSE
A,444,TRUE,TRUE,FALSE
A,445,TRUE,TRUE,FALSE
A,446,TRUE,TRUE,FALSE
A,447,TRUE,TRUE,FALSE
A,448,TRUE,TRUE,FALSE
A,449,TRUE,TRUE,FALSE
A,450,TRUE,TRUE,FALSE
A,451,TRUE,TRUE,FALSE
A,452,TRUE,TRUE,FALSE
A,453,TRUE,TRUE,FALSE
A,454,TRUE,TRUE,FALSE
A,455,TRUE,TRUE,FALSE
A,456,TRUE,TRUE,FALSE
A,457,TRUE,TRUE,FALSE
A,458,TRUE,TRUE,FALSE
A,459,TRUE,TRUE,FALSE
A,460,TRUE,TRUE,FALSE
A,461,TRUE,TRUE,FALSE
A,462,TRUE,TRUE,FALSE
A,463,TRUE,TRUE,FALSE
A,464,TRUE,TRUE,FALSE
A,465,TRUE,TRUE,FALSE
A,466,TRUE,TRUE,FALSE
A,467,TRUE,TRUE,FALSE
A,468,TRUE,TRUE,FALSE
A,469,TRUE,TRUE,FALSE
A,470,TRUE,TRUE,FALSE
A,471,TRUE,FALSE,FALSE
A,472,TRUE,TRUE,FALSE
A,473,TRUE,TRUE,FALSE
A,474,TRUE,TRUE,FALSE
A,475,TRUE,TRUE,FALSE
A,476,TRUE,TRUE,FALSE
A,477,TRUE,TRUE,FALSE
A,478,TRUE,TRUE,FALSE
A,479,TRUE,TRUE,FALSE
A,480,TRUE,TRUE,FALSE
A,481,TRUE,TRUE,FALSE
A,482,TRUE,TRUE,FALSE
A,483,TRUE,TRUE,FALSE
A,484,TRUE,TRUE,FALSE
A,485,TRUE,TRUE,FALSE
A,486,TRUE,TRUE,FALSE
A,487,TRUE,TRUE,FALSE
A,488,TRUE,TRUE,FALSE
A,489,TRUE,TRUE,FALSE
A,490,TRUE,TRUE,FALSE
A,491,TRUE,TRUE,FALSE
A,492,TRUE,TRUE,FALSE
A,493,TRUE,TRUE,FALSE
A,494,TRUE,FALSE,FALSE
A,495,TRUE,FALSE,FALSE
A,496,TRUE,FALSE,FALSE
A,497,TRUE,TRUE,FALSE
A,498,TRUE,TRUE,FALSE
A,499,TRUE,TRUE,FALSE
A,500,TRUE,TRUE,FALSE
A,501,TRUE,TRUE,FALSE
A,502,TRUE,TRUE,FALSE
A,503,TRUE,TRUE,FALSE
A,504,TRUE,TRUE,FALSE
A,505,TRUE,TRUE,FALSE
A,506,TRUE,TRUE,FALSE
A,507,TRUE,FALSE,FALSE
A,508,TRUE,FALSE,FALSE
A,509,TRUE,FALSE,FALSE
A,510,TRUE,FALSE,FALSE
A,511,TRUE,FALSE,FALSE
A,512,FALSE,FALSE,FALSE
A,513,FALSE,FALSE,FALSE
A,514,FALSE,FALSE,FALSE
A,515,FALSE,FALSE,FALSE
A,516,FALSE,FALSE,FALSE
A,517,FALSE,FALSE,FALSE
A,518,FALSE,FALSE,FALSE
A,519,FALSE,FALSE,FALSE
A,520,FALSE,FALSE,FALSE
A,521,FALSE,FALSE,FALSE
A,522,FALSE,FALSE,FALSE
A,523,FALSE,FALSE,FALSE
A,524,FALSE,FALSE,FALSE
A,525,FALSE,FALSE,FALSE
A,526,FALSE,FALSE,FALSE
A,527,FALSE,FALSE,FALSE
A,528,FALSE,FALSE,FALSE
A,529,FALSE,FALSE,FALSE
A,530,FALSE,FALSE,FALSE
A,531,FALSE,FALSE,FALSE
A,532,FALSE,FALSE,FALSE
A,533,FALSE,FALSE,FALSE
A,534,FALSE,FALSE,FALSE
A,535,FALSE,FALSE,FALSE
A,536,FALSE,FALSE,FALSE
A,537,FALSE,FALSE,FALSE
A,538,FALSE,FALSE,FALSE
A,539,FALSE,FALSE,FALSE
A,540,FALSE,FALSE,FALSE
A,541,FALSE,FALSE,FALSE
A,542,FALSE,FALSE,FALSE
A,543,FALSE,FALSE,FALSE
A,544,TRUE,FALSE,FALSE
A,545,FALSE,FALSE,FALSE
A,546,TRUE,FALSE,FALSE
A,547,TRUE,FALSE,FALSE
A,548,TRUE,TRUE,FALSE
A,549,TRUE,TRUE,FALSE
A,550,TRUE,TRUE,FALSE
A,551,TRUE,TRUE,FALSE
A,552,TRUE,TRUE,FALSE
A,553,TRUE,TRUE,FALSE
A,554,TRUE,TRUE,FALSE
A,555,TRUE,TRUE,FALSE
A,556,TRUE,FALSE,FALSE
A,557,TRUE,FALSE,FALSE
A,558,TRUE,TRUE,FALSE
A,559,TRUE,TRUE,FALSE
A,560,TRUE,TRUE,FALSE
A,561,TRUE,TRUE,FALSE
A,562,TRUE,TRUE,FALSE
A,563,TRUE,TRUE,FALSE
A,564,TRUE,FALSE,FALSE
A,565,TRUE,FALSE,FALSE
A,566,TRUE,FALSE,FALSE
A,567,TRUE,FALSE,FALSE
A,568,TRUE,FALSE,FALSE
A,569,TRUE,FALSE,FALSE
A,570,TRUE,FALSE,FALSE
A,571,TRUE,FALSE,FALSE
A,572,TRUE,FALSE,FALSE
A,573,TRUE,FALSE,FALSE
A,574,TRUE,FALSE,FALSE
A,575,TRUE,FALSE,FALSE
A,576,TRUE,FALSE,FALSE
A,577,TRUE,TRUE,FALSE
A,578,TRUE,TRUE,FALSE
A,579,TRUE,TRUE,FALSE
A,580,TRUE,TRUE,FALSE
A,581,TRUE,TRUE,FALSE
A,582,TRUE,TRUE,FALSE
A,583,TRUE,TRUE,FALSE
A,584,TRUE,TRUE,FALSE
A,585,TRUE,TRUE,FALSE
A,586,TRUE,FALSE,FALSE
A,587,TRUE,FALSE,FALSE
A,588,TRUE,FALSE,FALSE
A,589,TRUE,TRUE,FALSE
A,590,TRUE,TRUE,FALSE
A,591,TRUE,TRUE,FALSE
A,592,TRUE,TRUE,FALSE
A,593,TRUE,FALSE,FALSE
A,594,TRUE,FALSE,FALSE
A,595,TRUE,FALSE,FALSE
A,596,TRUE,FALSE,FALSE
A,597,TRUE,FALSE,FALSE
A,598,TRUE,FALSE,FALSE
A,599,TRUE,FALSE,FALSE
A,600,TRUE,FALSE,FALSE
A,601,TRUE,FALSE,FALSE
A,602,TRUE,FALSE,FALSE
A,603,TRUE,TRUE,FALSE
A,604,TRUE,TRUE,FALSE
A,605,TRUE,FALSE,FALSE
A,606,TRUE,FALSE,FALSE
A,607,TRUE,FALSE,FALSE
A,608,TRUE,TRUE,FALSE
A,609,TRUE,TRUE,FALSE
A,610,TRUE,TRUE,FALSE
A,611,TRUE,TRUE,FALSE
A,612,TRUE,TRUE,FALSE
A,613,TRUE,TRUE,FALSE
A,614,TRUE,TRUE,FALSE
A,615,TRUE,TRUE,FALSE
A,616,TRUE,TRUE,FALSE
A,617,TRUE,TRUE,FALSE
A,618,TRUE,TRUE,FALSE
A,619,TRUE,TRUE,FALSE
A,620,TRUE,TRUE,FALSE
A,621,TRUE,TRUE,FALSE
A,622,TRUE,TRUE,FALSE
A,623,TRUE,TRUE,FALSE
A,624,TRUE,TRUE,FALSE
A,625,TRUE,TRUE,FALSE
A,626,TRUE,TRUE,FALSE
A,627,TRUE,TRUE,FALSE
A,628,TRUE,TRUE,FALSE
A,629,TRUE,TRUE,FALSE
A,630,TRUE,FALSE,FALSE
B,1,FALSE,FALSE,FALSE
B,2,FALSE,FALSE,FALSE
B,3,FALSE,FALSE,FALSE
B,4,FALSE,FALSE,FALSE
B,5,FALSE,FALSE,FALSE
B,6,FALSE,FALSE,FALSE
B,7,TRUE,FALSE,FALSE
B,8,TRUE,FALSE,FALSE
B,9,TRUE,FALSE,FALSE
B,10,TRUE,FALSE,FALSE
B,11,TRUE,FALSE,FALSE
B,12,TRUE,FALSE,FALSE
B,13,TRUE,FALSE,FALSE
B,14,TRUE,FALSE,FALSE
B,15,TRUE,FALSE,FALSE
B,16,TRUE,FALSE,FALSE
B,17,TRUE,TRUE,FALSE
B,18,TRUE,TRUE,FALSE
B,19,TRUE,TRUE,FALSE
B,20,TRUE,TRUE,FALSE
B,21,TRUE,TRUE,FALSE
B,22,TRUE,TRUE,FALSE
B,23,TRUE,TRUE,FALSE
B,24,TRUE,TRUE,FALSE
B,25,TRUE,TRUE,FALSE
B,26,TRUE,TRUE,FALSE
B,27,TRUE,TRUE,FALSE
B,28,TRUE,TRUE,FALSE
B,29,TRUE,TRUE,FALSE
B,30,TRUE,TRUE,FALSE
B,31,TRUE,TRUE,FALSE
B,32,TRUE,TRUE,FALSE
B,33,TRUE,TRUE,FALSE
B,34,TRUE,FALSE,FALSE
B,35,TRUE,TRUE,FALSE
B,36,TRUE,TRUE,FALSE
B,37,TRUE,TRUE,FALSE
B,38,TRUE,TRUE,FALSE
B,39,TRUE,TRUE,FALSE
B,40,TRUE,TRUE,FALSE
B,41,TRUE,TRUE,FALSE
B,42,TRUE,TRUE,FALSE
B,43,TRUE,TRUE,FALSE
B,44,TRUE,TRUE,FALSE
B,45,TRUE,TRUE,FALSE
B,46,TRUE,TRUE,FALSE
B,47,TRUE,FALSE,FALSE
B,48,TRUE,FALSE,FALSE
B,49,TRUE,FALSE,FALSE
B,50,TRUE,FALSE,FALSE
B,51,FALSE,FALSE,FALSE
B,52,FALSE,FALSE,FALSE
B,53,FALSE,FALSE,FALSE
B,54,FALSE,FALSE,FALSE
B,55,FALSE,FALSE,FALSE
B,56,FALSE,FALSE,FALSE
B,57,FALSE,FALSE,FALSE
B,58,FALSE,FALSE,FALSE
B,59,FALSE,FALSE,FALSE
B,60,FALSE,FALSE,FALSE
B,61,FALSE,FALSE,FALSE
B,62,FALSE,FALSE,FALSE
B,63,FALSE,FALSE,FALSE
B,64,FALSE,FALSE,FALSE
B,65,FALSE,FALSE,FALSE
B,66,FALSE,FALSE,FALSE
B,67,FALSE,FALSE,FALSE
B,68,FALSE,FALSE,FALSE
B,69,FALSE,FALSE,FALSE
B,70,FALSE,FALSE,FALSE
B,71,FALSE,FALSE,FALSE
B,72,FALSE,FALSE,FALSE
B,73,FALSE,FALSE,FALSE
B,74,FALSE,FALSE,FALSE
B,75,FALSE,FALSE,FALSE
B,76,FALSE,FALSE,FALSE
B,77,FALSE,FALSE,FALSE
B,78,FALSE,FALSE,FALSE
B,79,FALSE,FALSE,FALSE
B,80,FALSE,FALSE,FALSE
B,81,FALSE,FALSE,FALSE
B,82,FALSE,FALSE,FALSE
B,83,FALSE,FALSE,FALSE
B,84,FALSE,FALSE,FALSE
B,85,FALSE,FALSE,FALSE
B,86,FALSE,FALSE,FALSE
B,87,FALSE,FALSE,FALSE
B,88,FALSE,FALSE,FALSE
B,89,FALSE,FALSE,FALSE
B,90,FALSE,FALSE,FALSE
B,91,FALSE,FALSE,FALSE
B,92,FALSE,FALSE,FALSE
B,93,FALSE,FALSE,FALSE
B,94,FALSE,FALSE,FALSE
B,95,FALSE,FALSE,FALSE
B,96,FALSE,FALSE,FALSE
B,97,FALSE,FALSE,FALSE
B,98,FALSE,FALSE,FALSE
B,99,FALSE,FALSE,FALSE
B,100,FALSE,FALSE,FALSE
B,101,FALSE,FALSE,FALSE
B,102,FALSE,FALSE,FALSE
B,103,FALSE,FALSE,FALSE
B,104,FALSE,FALSE,FALSE
B,105,FALSE,FALSE,FALSE
B,106,FALSE,FALSE,FALSE
B,107,FALSE,FALSE,FALSE
B,108,FALSE,FALSE,FALSE
B,109,FALSE,FALSE,FALSE
B,110,FALSE,FALSE,FALSE
B,111,FALSE,FALSE,FALSE
B,112,FALSE,FALSE,FALSE
B,113,FALSE,FALSE,FALSE
B,114,FALSE,FALSE,FALSE
B,115,FALSE,FALSE,FALSE
B,116,FALSE,FALSE,FALSE
B,117,FALSE,FALSE,FALSE
B,118,FALSE,FALSE,FALSE
B,119,FALSE,FALSE,FALSE
B,120,FALSE,FALSE,FALSE
B,121,FALSE,FALSE,FALSE
B,122,FALSE,FALSE,FALSE
B,123,FALSE,FALSE,FALSE
B,124,FALSE,FALSE,FALSE
B,125,FALSE,FALSE,FALSE
B,126,FALSE,FALSE,FALSE
B,127,FALSE,FALSE,FALSE
B,128,FALSE,FALSE,FALSE
B,129,FALSE,FALSE,FALSE
B,130,FALSE,FALSE,FALSE
B,131,FALSE,FALSE,FALSE
B,132,FALSE,FALSE,FALSE
B,133,FALSE,FALSE,FALSE
B,134,FALSE,FALSE,FALSE
B,135,FALSE,FALSE,FALSE
B,136,FALSE,FALSE,FALSE
B,137,FALSE,FALSE,FALSE
B,138,FALSE,FALSE,FALSE
B,139,FALSE,FALSE,FALSE
B,140,FALSE,FALSE,FALSE
B,141,FALSE,FALSE,FALSE
B,142,FALSE,FALSE,FALSE
B,143,FALSE,FALSE,FALSE
B,144,FALSE,FALSE,FALSE
B,145,FALSE,FALSE,FALSE
B,146,FALSE,FALSE,FALSE
B,147,FALSE,FALSE,FALSE
B,148,FALSE,FALSE,FALSE
B,149,FALSE,FALSE,FALSE
B,150,FALSE,FALSE,FALSE
B,151,FALSE,FALSE,FALSE
B,152,FALSE,FALSE,FALSE
B,153,FALSE,FALSE,FALSE
B,154,FALSE,FALSE,FALSE
B,155,FALSE,FALSE,FALSE
B,156,FALSE,FALSE,FALSE
B,157,FALSE,FALSE,FALSE
B,158,FALSE,FALSE,FALSE
B,159,FALSE,FALSE,FALSE
B,160,FALSE,FALSE,FALSE
B,161,FALSE,FALSE,FALSE
B,162,FALSE,FALSE,FALSE
B,163,FALSE,FALSE,FALSE
B,164,FALSE,FALSE,FALSE
B,165,FALSE,FALSE,FALSE
B,166,FALSE,FALSE,FALSE
B,167,FALSE,FALSE,FALSE
B,168,FALSE,FALSE,FALSE
B,169,FALSE,FALSE,FALSE
B,170,FALSE,FALSE,FALSE
B,171,FALSE,FALSE,FALSE
B,172,FALSE,FALSE,FALSE
B,173,FALSE,FALSE,FALSE
B,174,FALSE,FALSE,FALSE
B,175,FALSE,FALSE,FALSE
B,176,FALSE,FALSE,FALSE
B,177,FALSE,FALSE,FALSE
B,178,FALSE,FALSE,FALSE
B,179,TRUE,FALSE,FALSE
B,180,TRUE,FALSE,FALSE
B,181,TRUE,FALSE,FALSE
B,182,TRUE,TRUE,FALSE
B,183,TRUE,TRUE,FALSE
B,184,TRUE,TRUE,FALSE
B,185,TRUE,TRUE,FALSE
B,186,TRUE,TRUE,FALSE
B,187,TRUE,TRUE,FALSE
B,188,TRUE,TRUE,FALSE
B,189,TRUE,TRUE,FALSE
B,190,TRUE,FALSE,FALSE
B,191,TRUE,FALSE,FALSE
B,192,TRUE,FALSE,FALSE
B,193,TRUE,FALSE,FALSE
B,194,TRUE,FALSE,FALSE
B,195,TRUE,TRUE,FALSE
B,196,TRUE,TRUE,FALSE
B,197,TRUE,TRUE,FALSE
B,198,TRUE,TRUE,FALSE
B,199,TRUE,TRUE,FALSE
B,200,TRUE,TRUE,FALSE
B,201,TRUE,TRUE,FALSE
B,202,TRUE,TRUE,FALSE
B,203,TRUE,FALSE,FALSE
B,204,TRUE,FALSE,FALSE
B,205,TRUE,TRUE,FALSE
B,206,TRUE,FALSE,FALSE
B,207,TRUE,FALSE,FALSE
B,208,TRUE,FALSE,FALSE
B,209,TRUE,FALSE,FALSE
B,210,TRUE,FALSE,FALSE
B,211,TRUE,FALSE,FALSE
B,212,FALSE,FALSE,FALSE
B,213,FALSE,FALSE,FALSE
B,214,FALSE,FALSE,FALSE
B,215,FALSE,FALSE,FALSE
B,216,FALSE,FALSE,FALSE
B,217,FALSE,FALSE,FALSE
B,218,FALSE,FALSE,FALSE
B,219,FALSE,FALSE,FALSE
B,220,FALSE,FALSE,FALSE
B,221,FALSE,FALSE,FALSE
B,222,FALSE,FALSE,FALSE
B,223,TRUE,FALSE,FALSE
B,224,TRUE,FALSE,FALSE
B,225,TRUE,FALSE,FALSE
B,226,TRUE,TRUE,TRUE
B,227,TRUE,TRUE,TRUE
B,228,TRUE,FALSE,FALSE
B,229,TRUE,TRUE,FALSE
B,230,TRUE,TRUE,TRUE
B,231,TRUE,TRUE,TRUE
B,232,TRUE,TRUE,TRUE
B,233,TRUE,TRUE,TRUE
B,234,TRUE,TRUE,TRUE
B,235,TRUE,TRUE,TRUE
B,236,TRUE,TRUE,TRUE
B,237,TRUE,TRUE,TRUE
B,238,TRUE,TRUE,TRUE
B,239,TRUE,TRUE,TRUE
B,240,TRUE,TRUE,TRUE
B,241,TRUE,TRUE,TRUE
B,242,TRUE,FALSE,FALSE
B,243,TRUE,TRUE,TRUE
B,244,TRUE,TRUE,TRUE
B,245,TRUE,TRUE,TRUE
B,246,TRUE,TRUE,TRUE
B,247,TRUE,TRUE,TRUE
B,248,TRUE,TRUE,TRUE
B,249,TRUE,TRUE,TRUE
B,250,TRUE,TRUE,TRUE
B,251,TRUE,TRUE,TRUE
B,252,TRUE,TRUE,TRUE
B,253,TRUE,TRUE,FALSE
B,254,TRUE,TRUE,TRUE
B,255,TRUE,TRUE,TRUE
B,256,TRUE,TRUE,TRUE
B,257,TRUE,TRUE,FALSE
B,258,TRUE,TRUE,TRUE
B,259,TRUE,TRUE,TRUE
B,260,TRUE,TRUE,TRUE
B,261,TRUE,TRUE,TRUE
B,262,TRUE,TRUE,TRUE
B,263,TRUE,TRUE,TRUE
B,264,TRUE,TRUE,TRUE
B,265,TRUE,TRUE,TRUE
B,266,TRUE,TRUE,TRUE
B,267,TRUE,TRUE,TRUE
B,268,TRUE,TRUE,TRUE
B,269,TRUE,TRUE,TRUE
B,270,TRUE,TRUE,TRUE
B,271,TRUE,TRUE,TRUE
B,272,TRUE,TRUE,TRUE
B,273,TRUE,TRUE,TRUE
B,274,TRUE,TRUE,TRUE
B,275,TRUE,TRUE,TRUE
B,276,TRUE,TRUE,TRUE
B,277,TRUE,TRUE,TRUE
B,278,TRUE,TRUE,TRUE
B,279,TRUE,TRUE,TRUE
B,280,TRUE,TRUE,TRUE
B,281,TRUE,TRUE,TRUE
B,282,TRUE,TRUE,TRUE
B,283,TRUE,TRUE,TRUE
B,284,TRUE,TRUE,TRUE
B,285,TRUE,TRUE,TRUE
B,286,TRUE,TRUE,TRUE
B,287,TRUE,TRUE,TRUE
B,288,TRUE,TRUE,TRUE
B,289,TRUE,TRUE,TRUE
B,290,TRUE,TRUE,TRUE
B,291,TRUE,TRUE,TRUE
B,292,TRUE,TRUE,TRUE
B,293,TRUE,TRUE,TRUE
B,294,TRUE,TRUE,TRUE
B,295,TRUE,TRUE,TRUE
B,296,TRUE,TRUE,TRUE
B,297,TRUE,TRUE,TRUE
B,298,TRUE,TRUE,TRUE
B,299,TRUE,TRUE,TRUE
B,300,TRUE,TRUE,TRUE
B,301,TRUE,TRUE,TRUE
B,302,TRUE,TRUE,TRUE
B,303,TRUE,TRUE,TRUE
B,304,TRUE,TRUE,TRUE
B,305,TRUE,TRUE,TRUE
B,306,TRUE,TRUE,TRUE
B,307,TRUE,TRUE,TRUE
B,308,TRUE,TRUE,TRUE
B,309,TRUE,TRUE,TRUE
B,310,TRUE,TRUE,TRUE
B,311,TRUE,TRUE,TRUE
B,312,TRUE,TRUE,TRUE
B,313,TRUE,TRUE,TRUE
B,314,TRUE,TRUE,TRUE
B,315,TRUE,TRUE,TRUE
B,316,TRUE,TRUE,TRUE
B,317,TRUE,TRUE,TRUE
B,318,TRUE,TRUE,TRUE
B,319,TRUE,TRUE,TRUE
B,320,TRUE,TRUE,TRUE
B,321,TRUE,TRUE,TRUE
B,322,TRUE,TRUE,TRUE
B,323,TRUE,TRUE,TRUE
B,324,TRUE,TRUE,TRUE
B,325,TRUE,TRUE,TRUE
B,326,TRUE,TRUE,TRUE
B,327,TRUE,TRUE,TRUE
B,328,TRUE,TRUE,TRUE
B,329,TRUE,TRUE,TRUE
B,330,TRUE,TRUE,TRUE
B,331,TRUE,TRUE,TRUE
B,332,TRUE,TRUE,TRUE
B,333,TRUE,TRUE,TRUE
B,334,TRUE,TRUE,TRUE
B,335,TRUE,TRUE,TRUE
B,336,TRUE,TRUE,TRUE
B,337,TRUE,TRUE,TRUE
B,338,TRUE,TRUE,TRUE
B,339,TRUE,TRUE,TRUE
B,340,TRUE,TRUE,TRUE
B,341,TRUE,TRUE,TRUE
B,342,TRUE,TRUE,TRUE
B,343,TRUE,TRUE,TRUE
B,344,TRUE,TRUE,TRUE
B,345,TRUE,TRUE,TRUE
B,346,TRUE,TRUE,TRUE
B,347,TRUE,TRUE,TRUE
B,348,TRUE,TRUE,TRUE
B,349,TRUE,TRUE,TRUE
B,350,TRUE,TRUE,TRUE
B,351,TRUE,TRUE,TRUE
B,352,TRUE,TRUE,TRUE
B,353,TRUE,TRUE,TRUE
B,354,TRUE,TRUE,TRUE
B,355,TRUE,TRUE,TRUE
B,356,TRUE,TRUE,TRUE
B,357,TRUE,TRUE,TRUE
B,358,TRUE,TRUE,TRUE
B,359,TRUE,TRUE,TRUE
B,360,TRUE,TRUE,TRUE
B,361,TRUE,TRUE,TRUE
B,362,TRUE,TRUE,TRUE
B,363,TRUE,TRUE,TRUE
B,364,TRUE,TRUE,TRUE
B,365,TRUE,TRUE,TRUE
B,366,TRUE,TRUE,TRUE
B,367,TRUE,TRUE,TRUE
B,368,TRUE,TRUE,TRUE
B,369,TRUE,TRUE,TRUE
B,370,TRUE,TRUE,TRUE
B,371,TRUE,TRUE,TRUE
B,372,TRUE,TRUE,TRUE
B,373,TRUE,TRUE,TRUE
B,374,TRUE,TRUE,FALSE
B,375,TRUE,TRUE,TRUE
B,376,TRUE,FALSE,FALSE
B,377,TRUE,TRUE,TRUE
B,378,TRUE,TRUE,TRUE
B,379,TRUE,TRUE,TRUE
B,380,TRUE,TRUE,TRUE
B,381,TRUE,FALSE,FALSE
B,382,TRUE,TRUE,TRUE
B,383,TRUE,TRUE,TRUE
B,384,TRUE,TRUE,TRUE
B,385,TRUE,TRUE,TRUE
B,386,TRUE,TRUE,TRUE
B,387,TRUE,TRUE,TRUE
B,388,TRUE,TRUE,TRUE
B,389,TRUE,TRUE,TRUE
B,390,TRUE,TRUE,TRUE
B,391,TRUE,TRUE,TRUE
B,392,TRUE,TRUE,TRUE
B,393,TRUE,FALSE,FALSE
B,394,TRUE,FALSE,FALSE
B,395,TRUE,FALSE,FALSE
B,396,TRUE,FALSE,FALSE
B,397,TRUE,FALSE,FALSE
B,398,TRUE,FALSE,FALSE
B,399,TRUE,FALSE,FALSE
B,400,TRUE,FALSE,FALSE
B,401,TRUE,FALSE,FALSE
B,402,TRUE,FALSE,FALSE
B,403,TRUE,FALSE,FALSE
B,404,FALSE,FALSE,FALSE
B,405,TRUE,FALSE,FALSE
B,406,TRUE,FALSE,FALSE
B,407,TRUE,FALSE,FALSE
B,408,TRUE,FALSE,FALSE
B,409,TRUE,FALSE,FALSE
B,410,TRUE,FALSE,FALSE
B,411,TRUE,FALSE,FALSE
B,412,TRUE,FALSE,FALSE
B,413,TRUE,FALSE,FALSE
B,414,TRUE,FALSE,FALSE
B,415,TRUE,FALSE,FALSE
B,416,TRUE,FALSE,FALSE
B,417,TRUE,FALSE,FALSE
B,418,TRUE,FALSE,FALSE
B,419,TRUE,FALSE,FALSE
B,420,TRUE,FALSE,FALSE
B,421,TRUE,FALSE,FALSE
B,422,TRUE,FALSE,FALSE
B,423,TRUE,FALSE,FALSE
B,424,TRUE,FALSE,FALSE
B,425,TRUE,FALSE,FALSE
B,426,TRUE,FALSE,FALSE
B,427,TRUE,FALSE,FALSE
B,428,TRUE,FALSE,FALSE
B,429,TRUE,FALSE,FALSE
B,430,TRUE,FALSE,FALSE
B,431,TRUE,FALSE,FALSE
B,432,TRUE,TRUE,FALSE
B,433,TRUE,TRUE,FALSE
B,434,TRUE,TRUE,FALSE
B,435,TRUE,TRUE,FALSE
B,436,TRUE,TRUE,FALSE
B,437,TRUE,TRUE,FALSE
B,438,TRUE,TRUE,FALSE
B,439,TRUE,TRUE,FALSE
B,440,TRUE,TRUE,FALSE
B,441,TRUE,TRUE,FALSE
B,442,TRUE,TRUE,FALSE
B,443,TRUE,TRUE,FALSE
B,444,TRUE,TRUE,FALSE
B,445,TRUE,TRUE,FALSE
B,446,TRUE,TRUE,FALSE
B,447,TRUE,TRUE,FALSE
B,448,TRUE,TRUE,FALSE
B,449,TRUE,TRUE,FALSE
B,450,TRUE,TRUE,FALSE
B,451,TRUE,TRUE,FALSE
B,452,TRUE,TRUE,FALSE
B,453,TRUE,TRUE,FALSE
B,454,TRUE,TRUE,FALSE
B,455,TRUE,TRUE,FALSE
B,456,TRUE,TRUE,FALSE
B,457,TRUE,TRUE,FALSE
B,458,TRUE,TRUE,FALSE
B,459,TRUE,TRUE,FALSE
B,460,TRUE,TRUE,FALSE
B,461,TRUE,TRUE,FALSE
B,462,TRUE,TRUE,FALSE
B,463,TRUE,TRUE,FALSE
B,464,TRUE,TRUE,FALSE
B,465,TRUE,TRUE,FALSE
B,466,TRUE,TRUE,FALSE
B,467,TRUE,TRUE,FALSE
B,468,TRUE,TRUE,FALSE
B,469,TRUE,TRUE,FALSE
B,470,TRUE,TRUE,FALSE
B,471,TRUE,FALSE,FALSE
B,472,TRUE,TRUE,FALSE
B,473,TRUE,TRUE,FALSE
B,474,TRUE,TRUE,FALSE
B,475,TRUE,TRUE,FALSE
B,476,TRUE,TRUE,FALSE
B,477,TRUE,TRUE,FALSE
B,478,TRUE,TRUE,FALSE
B,479,TRUE,TRUE,FALSE
B,480,TRUE,TRUE,FALSE
B,481,TRUE,TRUE,FALSE
B,482,TRUE,TRUE,FALSE
B,483,TRUE,TRUE,FALSE
B,484,TRUE,TRUE,FALSE
B,485,TRUE,TRUE,FALSE
B,486,TRUE,TRUE,FALSE
B,487,TRUE,TRUE,FALSE
B,488,TRUE,TRUE,FALSE
B,489,TRUE,TRUE,FALSE
B,490,TRUE,TRUE,FALSE
B,491,TRUE,TRUE,FALSE
B,492,TRUE,TRUE,FALSE
B,493,TRUE,TRUE,FALSE
B,494,TRUE,FALSE,FALSE
B,495,TRUE,FALSE,FALSE
B,496,TRUE,FALSE,FALSE
B,497,TRUE,TRUE,FALSE
B,498,TRUE,TRUE,FALSE
B,499,TRUE,TRUE,FALSE
B,500,TRUE,TRUE,FALSE
B,501,TRUE,TRUE,FALSE
B,502,TRUE,TRUE,FALSE
B,503,TRUE,TRUE,FALSE
B,504,TRUE,TRUE,FALSE
B,505,TRUE,TRUE,FALSE
B,506,TRUE,FALSE,FALSE
B,507,TRUE,FALSE,FALSE
B,508,TRUE,FALSE,FALSE
B,509,TRUE,FALSE,FALSE
B,510,TRUE,FALSE,FALSE
B,511,TRUE,FALSE,FALSE
B,512,FALSE,FALSE,FALSE
B,513,FALSE,FALSE,FALSE
B,514,FALSE,FALSE,FALSE
B,515,FALSE,FALSE,FALSE
B,516,FALSE,FALSE,FALSE
B,517,FALSE,FALSE,FALSE
B,518,FALSE,FALSE,FALSE
B,519,FALSE,FALSE,FALSE
B,520,FALSE,FALSE,FALSE
B,521,FALSE,FALSE,FALSE
B,522,FALSE,FALSE,FALSE
B,523,FALSE,FALSE,FALSE
B,524,FALSE,FALSE,FALSE
B,525,FALSE,FALSE,FALSE
B,526,FALSE,FALSE,FALSE
B,527,FALSE,FALSE,FALSE
B,528,FALSE,FALSE,FALSE
B,529,FALSE,FALSE,FALSE
B,530,FALSE,FALSE,FALSE
B,531,FALSE,FALSE,FALSE
B,532,FALSE,FALSE,FALSE
B,533,FALSE,FALSE,FALSE
B,534,FALSE,FALSE,FALSE
B,535,FALSE,FALSE,FALSE
B,536,FALSE,FALSE,FALSE
B,537,FALSE,FALSE,FALSE
B,538,FALSE,FALSE,FALSE
B,539,FALSE,FALSE,FALSE
B,540,FALSE,FALSE,FALSE
B,541,FALSE,FALSE,FALSE
B,542,FALSE,FALSE,FALSE
B,543,FALSE,FALSE,FALSE
B,544,TRUE,FALSE,FALSE
B,545,FALSE,FALSE,FALSE
B,546,TRUE,FALSE,FALSE
B,547,TRUE,FALSE,FALSE
B,548,TRUE,TRUE,FALSE
B,549,TRUE,TRUE,FALSE
B,550,TRUE,TRUE,FALSE
B,551,TRUE,TRUE,FALSE
B,552,TRUE,TRUE,FALSE
B,553,TRUE,TRUE,FALSE
B,554,TRUE,TRUE,FALSE
B,555,TRUE,TRUE,FALSE
B,556,TRUE,FALSE,FALSE
B,557,TRUE,FALSE,FALSE
B,558,TRUE,TRUE,FALSE
B,559,TRUE,TRUE,FALSE
B,560,TRUE,TRUE,FALSE
B,561,TRUE,TRUE,FALSE
B,562,TRUE,TRUE,FALSE
B,563,TRUE,TRUE,FALSE
B,564,TRUE,FALSE,FALSE
B,565,TRUE,FALSE,FALSE
B,566,TRUE,FALSE,FALSE
B,567,TRUE,FALSE,FALSE
B,568,TRUE,FALSE,FALSE
B,569,TRUE,FALSE,FALSE
B,570,TRUE,FALSE,FALSE
B,571,TRUE,FALSE,FALSE
B,572,TRUE,FALSE,FALSE
B,573,TRUE,FALSE,FALSE
B,574,TRUE,FALSE,FALSE
B,575,TRUE,FALSE,FALSE
B,576,TRUE,FALSE,FALSE
B,577,TRUE,TRUE,FALSE
B,578,TRUE,TRUE,FALSE
B,579,TRUE,TRUE,FALSE
B,580,TRUE,TRUE,FALSE
B,581,TRUE,TRUE,FALSE
B,582,TRUE,TRUE,FALSE
B,583,TRUE,TRUE,FALSE
B,584,TRUE,TRUE,FALSE
B,585,TRUE,TRUE,FALSE
B,586,TRUE,FALSE,FALSE
B,587,TRUE,FALSE,FALSE
B,588,TRUE,FALSE,FALSE
B,589,TRUE,TRUE,FALSE
B,590,TRUE,TRUE,FALSE
B,591,TRUE,TRUE,FALSE
B,592,TRUE,TRUE,FALSE
B,593,TRUE,TRUE,FALSE
B,594,TRUE,FALSE,FALSE
B,595,TRUE,TRUE,FALSE
B,596,TRUE,FALSE,FALSE
B,597,TRUE,FALSE,FALSE
B,598,TRUE,FALSE,FALSE
B,599,TRUE,FALSE,FALSE
B,600,TRUE,FALSE,FALSE
B,601,TRUE,FALSE,FALSE
B,602,TRUE,FALSE,FALSE
B,603,TRUE,TRUE,FALSE
B,604,TRUE,TRUE,FALSE
B,605,TRUE,FALSE,FALSE
B,606,TRUE,FALSE,FALSE
B,607,TRUE,FALSE,FALSE
B,608,TRUE,TRUE,FALSE
B,609,TRUE,TRUE,FALSE
B,610,TRUE,TRUE,FALSE
B,611,TRUE,TRUE,FALSE
B,612,TRUE,TRUE,FALSE
B,613,TRUE,TRUE,FALSE
B,614,TRUE,TRUE,FALSE
B,615,TRUE,TRUE,FALSE
B,616,TRUE,TRUE,FALSE
B,617,TRUE,TRUE,FALSE
B,618,TRUE,TRUE,FALSE
B,619,TRUE,TRUE,FALSE
B,620,TRUE,TRUE,FALSE
B,621,TRUE,TRUE,FALSE
B,622,TRUE,TRUE,FALSE
B,623,TRUE,TRUE,FALSE
B,624,TRUE,TRUE,FALSE
B,625,TRUE,TRUE,FALSE
B,626,TRUE,TRUE,FALSE
B,627,TRUE,TRUE,FALSE
B,628,TRUE,TRUE,FALSE
B,629,TRUE,TRUE,FALSE
B,630,TRUE,FALSE,FALSE
